http://pathwaycommons.org/pc2/Pathway_001ba503d02d9db34d147b0f76b964ed,adenine,353
http://pathwaycommons.org/pc2/Pathway_067119bdab7ca0670b91ee69d6aa0f2f,sucrose,226 229 130589 3795 6476 7167
http://pathwaycommons.org/pc2/Pathway_090e1de7fb93f9b4ece7bd65f8e3bada,thio-molybdenum,55034
http://pathwaycommons.org/pc2/Pathway_0af030d9a4d11131ab7ac21e6c1af69e,D-myo-inositol-5-phosphate,64419 8897 5305 79837 90809 55529 23236 5330 5331 5332 5333 113026 84812 51196 5335 5336 23007 9651 89869
http://pathwaycommons.org/pc2/Pathway_0bc7afc85638d15169b65497ea46c93c,creatine-phosphate,1152 1158 548596 1159 1160
http://pathwaycommons.org/pc2/Pathway_0cb576ac35c7d40ffbf31e24a61f44cb,D-myo-inositol,253430 3705 9562
http://pathwaycommons.org/pc2/Pathway_0cd19772ceec601be0a330e590389593,glutamate,8836
http://pathwaycommons.org/pc2/Pathway_0d6eea0096804ac35002a57c341cec10,sulfate,9061 9060
http://pathwaycommons.org/pc2/Pathway_0da45cf663d9b2403abf604b53696bb4,dermatan,3073 3373 3425
http://pathwaycommons.org/pc2/Pathway_0e596929593d0cbecdac5df1fb862ea3,glycine,2593 2628
http://pathwaycommons.org/pc2/Pathway_0e61e99d79fc54a6958fe5da713acea9,S-methyl-5'-thioadenosine,4507
http://pathwaycommons.org/pc2/Pathway_10c439ec3099009a3785a4861e5cdfa5,methylglyoxal,231 57016 1571
http://pathwaycommons.org/pc2/Pathway_120845916cfc1efe2491d9bf198d33fb,purine,158 159 122622 471 2618 8833 3614 3615 10606 5198 5471
http://pathwaycommons.org/pc2/Pathway_1253f151901003f072f5863025151c90,histamine,3067
http://pathwaycommons.org/pc2/Pathway_12d57991342ef11d6a7596083f93228e,UDP-D-xylose,7358 80146
http://pathwaycommons.org/pc2/Pathway_13434bacc83a131fcb8d88e95cf2dc38,heme,210 211 212 1371 2235 3145 5498 7389 7390
http://pathwaycommons.org/pc2/Pathway_139163caa9560d662e167f6c8f3c014e,glycine,189 64902
http://pathwaycommons.org/pc2/Pathway_15dadf5ba37217b2296d74d7cf3b4633,threonine,23464
http://pathwaycommons.org/pc2/Pathway_169ace457e7461b1da42e6f4ad42509a,guanine,3251 4860
http://pathwaycommons.org/pc2/Pathway_18d875fcec2cfb6b42a0fba376224e9f,CDP-diacylglycerol,51099 10554 10555 56894 56895 55326 1040 8760 57678 150763 84803 137964 2820 253558 10162 254531 154141 129642 79143
http://pathwaycommons.org/pc2/Pathway_19fd8bcdf421ef6fd8e4ad6fb34ffcdb,phenylalanine,5053 5092 84105 5860
http://pathwaycommons.org/pc2/Pathway_1a47582107c4d2fe545d33ba0fa59418,inosine-5'-phosphate,158 471 10606
http://pathwaycommons.org/pc2/Pathway_1acb96a7e1621e378037769d0717c390,colanic,2582 2584 2592 2762 29926 29925 2821 4351 5372 5373 7264 7358 7360
http://pathwaycommons.org/pc2/Pathway_1bf8d5ff19ddde5f27c652e5f428c191,superpathway,3612 3613 54928 3628 3632 3633 3635 22876 27124 51763 3636 253430 3706 3707 80271 9562 4952 5728 8867 8871
http://pathwaycommons.org/pc2/Pathway_2072dbbef5d992f9b95474f170aefafc,3-phosphoinositide,3631 8821 3633 3635 56623 22876 27124 51763 3636 64419 8897 4952 90809 55529 23203 5728 114971 22908 8867 8871 93492
http://pathwaycommons.org/pc2/Pathway_211efa607d29a464705e3403054a4423,dermatan,113189 51363 29940 10090
http://pathwaycommons.org/pc2/Pathway_238872d2ba56a45cd8f31957b1e52d0f,D-myo-inositol,3632 3633 3635 27124 51763 3636 253430 3706 3707 80271 9562 4952 5728 8867 8871
http://pathwaycommons.org/pc2/Pathway_26f9b574f9b0eda122a0ef507dcadb2b,4-hydroxyphenylpyruvate,6898
http://pathwaycommons.org/pc2/Pathway_2773ae3d319bb5ef501ae2fe32b27ce2,ketolysis,30 38 622 56898 3032 5019
http://pathwaycommons.org/pc2/Pathway_28984c27a61ace47ae4c13e58c1b4bf7,lanosterol,4047
http://pathwaycommons.org/pc2/Pathway_2a2330bb8749059a077bb1a37c311af5,glutathione-mediated,290 8836 2678 124975 2686 2938 2939 2940 2941 221357 373156 2944 2946 2947 2948 2949 119391 2950 2952 2953 653689 2954 4257 4258 4259
http://pathwaycommons.org/pc2/Pathway_2b3cce86da8711ac6e0db857fcc4163a,arginine,8659 383 384 4942
http://pathwaycommons.org/pc2/Pathway_2beeea5e952e5cf7da51413dcb358242,spermidine,262 6723
http://pathwaycommons.org/pc2/Pathway_2d0334e7e2698b3018ce0d44c5a268f3,superpathway,26227 29968 5723 6470 6472
http://pathwaycommons.org/pc2/Pathway_3044afd98e7724503d23b3344e315ab8,BMP,650 6497 4089 7321 7323 9765
http://pathwaycommons.org/pc2/Pathway_313b0a93fefc7f256af26038aaba97cf,alpha-tocopherol,8529
http://pathwaycommons.org/pc2/Pathway_31c0b9d7e71766bad35a0c96a33f003f,D-glucuronate,51084 51181
http://pathwaycommons.org/pc2/Pathway_33419688b24047de3f3aef76cd9f3d30,oxidized,4521
http://pathwaycommons.org/pc2/Pathway_338de947a20383a875201f3858014052,L-carnitine,223 8424 55217
http://pathwaycommons.org/pc2/Pathway_33ec398073870e4158f68a9b7532235e,urea,383 384 435 445 1373 5009
http://pathwaycommons.org/pc2/Pathway_344eee2469c02504d503dee637795298,anandamide,2166 158584
http://pathwaycommons.org/pc2/Pathway_3494efca8b7b55070f2b2e56bc40d52d,glutamate,2746 2747
http://pathwaycommons.org/pc2/Pathway_34b1083b7d2d0be77fd947757fe7ad59,leukotriene,240 1800 64174 728441 2679 4048 4056
http://pathwaycommons.org/pc2/Pathway_35aba771c1a47bbe81a444e4df3ecd76,tetrahydrofolate,2618 4522 10797 441024
http://pathwaycommons.org/pc2/Pathway_3603782db1c22cdd4f50d13969e11c99,trehalose,130589 2645 80201 11181
http://pathwaycommons.org/pc2/Pathway_36ce818a58165d8fdb43b0dabbed6e85,folate,2356 4522 25902 6470 6472
http://pathwaycommons.org/pc2/Pathway_38170dbb8f47c798a2791980a8c9e7a6,thyroid,1509 7173
http://pathwaycommons.org/pc2/Pathway_3949968259d0bafd4b0bb072f756e00b,tetrapyrrole,210 211 212 3145 7390
http://pathwaycommons.org/pc2/Pathway_3b14271d50c4960e7edeb779b55db56b,glucose,2645 80201 5236 55276 5239
http://pathwaycommons.org/pc2/Pathway_3c39256d1a0b8b3222d026e5c46dc1ab,MAP,7529
http://pathwaycommons.org/pc2/Pathway_3d10d2688f2461963780aeb7274a95dc,methylglyoxal,197257
http://pathwaycommons.org/pc2/Pathway_3da8b9aa10d3f1d5b92a7e7ab6bd7904,ketogenesis,30 38 622 3032 3155 3158
http://pathwaycommons.org/pc2/Pathway_3f8fb16cb932d3389fd1deca957d2eac,pyridoxal,8566 55163
http://pathwaycommons.org/pc2/Pathway_404c3bdab8cb8e083148eab2d71f0e02,diphthamide,51611
http://pathwaycommons.org/pc2/Pathway_40e91692da56c1037e95a6ce57cb3c38,(S)-reticuline,7299
http://pathwaycommons.org/pc2/Pathway_418d92c83160d0ddc7c878aa797c4e14,noradrenaline,125 127 130 217 224 1312 220074 4128 4129 5409
http://pathwaycommons.org/pc2/Pathway_4267e68408f6efedb5fe948ad04798cb,serotonin,15 438 1644 7166 121278
http://pathwaycommons.org/pc2/Pathway_43425d85cedde32136e94dc65a05a64e,trans,,2224 9453 3422 91734
http://pathwaycommons.org/pc2/Pathway_4358a0b1dc1741139d604aff9010c609,purine,100 113179 9615 3614 3615 84618 22978 51251 115024 4907 4860 7498
http://pathwaycommons.org/pc2/Pathway_43e05bd36bd327829396cb8f2ae87429,arginine,383 384 4942 5831 29920 65263
http://pathwaycommons.org/pc2/Pathway_44e9d5d475be5cfef700fd5ff7ad3630,chondroitin,411 2588 3073 3373 23553
http://pathwaycommons.org/pc2/Pathway_45441c583c3fabeaf098720ecfbcd877,oleate,641371 10965 122970 3992 9415 283985 6319 79966
http://pathwaycommons.org/pc2/Pathway_45b28341252eb43aef72afaa18dc6c99,superpathway,30 38 39 1595 1718 1717 10682 2222 2224 9453 3032 3156 3157 3158 51478 3422 91734 3930 4047 6307 4597 4598 50814 10654 6309 6713 7108
http://pathwaycommons.org/pc2/Pathway_498eee081205c8c72c6f63f90ad0318e,pentose,6120 22934 6888 7086 8277 84076
http://pathwaycommons.org/pc2/Pathway_49c7fa91094209f61474bff9e6198d73,sorbitol,6652
http://pathwaycommons.org/pc2/Pathway_49e0aea657460db938a67d82a95c7927,urate,3614 3615 22978 115024 4907 4860 7498
http://pathwaycommons.org/pc2/Pathway_4a1fa9777438701c7b1fb5fd080453c1,uridine-5'-phosphate,790 7372
http://pathwaycommons.org/pc2/Pathway_4a2205882e139883ce3fac50f122726c,spermine,8639 196743 6303 112483 54498
http://pathwaycommons.org/pc2/Pathway_4a43c8eff1aa6c5a2ff2d357637b5ad2,phenylethylamine,217 224 314 8639
http://pathwaycommons.org/pc2/Pathway_4b5817426aa06d5456255ca9350b106a,lysine,10157 501 51097
http://pathwaycommons.org/pc2/Pathway_4b8019df422d6144d972d95634d791fe,tyrosine,2184 2954 3081 3242 6898
http://pathwaycommons.org/pc2/Pathway_4e2e8baea3c5bfa8dbfe04ddd46101da,methylthiopropionate,55256
http://pathwaycommons.org/pc2/Pathway_4e8d4814967203e79f04c55c978a9e00,fatty,224 79152 26061
http://pathwaycommons.org/pc2/Pathway_517cbaeaa140454a37a722ea49b653df,cholesterol,1595 1718 1717 10682 2222 51478 3930 4047 6307 50814 6309 6713 7108
http://pathwaycommons.org/pc2/Pathway_526abf0b0df9b03b11190919d56e8b18,taurine,1036 51380
http://pathwaycommons.org/pc2/Pathway_55757cb56149748e34cb1751299f28e6,glutamate,2746 2747
http://pathwaycommons.org/pc2/Pathway_56692e995cfe315199e957d418c27140,all-trans-decaprenyl,23590 57107
http://pathwaycommons.org/pc2/Pathway_5820ea42d3f08b22781fb52606a20c21,L-cysteine,4357
http://pathwaycommons.org/pc2/Pathway_588d8e3df5e5d4f33d9c20c1d76142de,citrulline,5009
http://pathwaycommons.org/pc2/Pathway_5d35c3a0069f8551d8ab19f316109b49,PRPP,5631 221823 5634
http://pathwaycommons.org/pc2/Pathway_5def38935c693b6da2208dbd3dc6e371,salvage,57379 978 4830 4831 283458 4832 4833 8382 10201 29922 83549 7371 54963 7378 151531 139596
http://pathwaycommons.org/pc2/Pathway_5e4994e6791713b2194d11c908ad957c,ceramide,123099 2531 10558 9517 55304
http://pathwaycommons.org/pc2/Pathway_5ea81361a28baa5979f87d135f5e11a9,protein,29943 11240 51702 23569 353238
http://pathwaycommons.org/pc2/Pathway_5eef990eccc0cb638468557572e680f2,phosphatidylethanolamine,10390 1120 55500 55224 5833 85465
http://pathwaycommons.org/pc2/Pathway_5f3da8f211089c1e68b6ca11114ee65e,glutathione,2729 2730 2937
http://pathwaycommons.org/pc2/Pathway_5fc3b70a0e4e3ce5e662239e503b00fa,L-dopa,1312
http://pathwaycommons.org/pc2/Pathway_605eed9a5cf3ed98084b01fcd40db4de,gluconeogenesis,226 229 669 2023 2026 2027 2203 8789 2597 26330 2821 4190 4191 4199 4200 10873 5105 5223 5224 5230 5232 1462
http://pathwaycommons.org/pc2/Pathway_640dd6e000e28137bd60b0eccbd8daac,pentose,2539 9563 5226 25796 6120 22934 6888 7086 8277 84076
http://pathwaycommons.org/pc2/Pathway_672f411f3e3e84b879ed39867851d05b,NAD,64802 23057 349565 54981 27231
http://pathwaycommons.org/pc2/Pathway_6746252a90001212017cae7fb2e59f67,S-methyl-5-thio-alpha-D-ribose,55256 51074 58478 84245
http://pathwaycommons.org/pc2/Pathway_682316205623f639686c2aa4a162f4f9,1D-myo-inositol,3632 3633 3635 27124 51763 3636 253430 64768 3705 3706 3707 80271 4952 8867 8871
http://pathwaycommons.org/pc2/Pathway_68d5753d92d356e7903c98c1087a34e7,alanine,2875 84706
http://pathwaycommons.org/pc2/Pathway_6ab4b2e7063f635ffc573ed881b47a7e,CMP-N-acetylneuraminate,55907 10020 140838 54187
http://pathwaycommons.org/pc2/Pathway_6b2b879038ea746b1072a12d27129d05,asparagine,440
http://pathwaycommons.org/pc2/Pathway_6bf6d39c0284b6d253b3fe4135db730f,dolichyl-diphosphooligosaccharide,56052 79868 10195 29880 29929 79053 1798 8813 54344
http://pathwaycommons.org/pc2/Pathway_6d45ab84e1c4fedd18b48d089a552ee6,epoxysqualene,2222 6713
http://pathwaycommons.org/pc2/Pathway_7027e6eec367a165d39fc0506fb89782,pyrimidine,124583 51727 129607 1503 56474 4830 4831 283458 4832 4833 8382 10201 29922
http://pathwaycommons.org/pc2/Pathway_705a8c6b40a9438c4f3b325dcf7508a2,4-aminobutyrate,18 7915
http://pathwaycommons.org/pc2/Pathway_71cb45acb3e43323bc18ff714ba22ccc,dolichol,79947 22845 79644
http://pathwaycommons.org/pc2/Pathway_722f524206c3ba00b651ef3c2b6708a5,uracil,1400 1806 1807 1808 1809 10570 56896 51733
http://pathwaycommons.org/pc2/Pathway_75d655826503e134c20309f838e2068b,alanine,2875 84706
http://pathwaycommons.org/pc2/Pathway_767c81111a24ca5db7cc51f144015be8,NAD,55191 64802 23057 349565 23475
http://pathwaycommons.org/pc2/Pathway_7ae6d7803ae264da986758596133a393,tryptophan,30 38 39 130013 125061 2639 23498 3032 8564 8942 6999
http://pathwaycommons.org/pc2/Pathway_7fe61165a75849f540b65ce1690210bf,calcium,487 488 489 27032 9914
http://pathwaycommons.org/pc2/Pathway_7fff32089832ddaad8971c3f08607bfd,L-serine,10993 113675
http://pathwaycommons.org/pc2/Pathway_81b747b34f75519610cacb283fa66d6f,tryptophan,10327 224 1644 4128 4129
http://pathwaycommons.org/pc2/Pathway_82da4a008a30ea0c611becce6656c8a0,NADH,2597 55739 128240
http://pathwaycommons.org/pc2/Pathway_832e385f18972438172d7006f1a96627,spermine,262 6611
http://pathwaycommons.org/pc2/Pathway_836b5cf2007be6e39d01d732a1e1c1b4,triacylglycerol,51099 10554 10555 56894 56895 55326 8694 84649 57678 150763 84803 137964 253558 10162 254531 154141 129642 79143 116255 346606 8611 8612 8613 196051 64748 79948 9890
http://pathwaycommons.org/pc2/Pathway_84ccda9bac64f9cb314c19e130a5978c,adenine,100 113179 3251 4860
http://pathwaycommons.org/pc2/Pathway_85082aee2313061ee2bb365270304e69,N-acetylglucosamine,51005 10007 132789 55577
http://pathwaycommons.org/pc2/Pathway_851afd0320696261fd8ed605d813a071,glutathione,2876 2877 2878 2879 2880 257202 2882 493869 2936
http://pathwaycommons.org/pc2/Pathway_853157b8b695df4c0ab6fa73051b0058,thymine,1400 1806 1807 1808 1809 10570 56896 51733
http://pathwaycommons.org/pc2/Pathway_854f4af9fdff34fea46960576e753d6e,choline,10390 56994 5130 9468 5337 5338 23646 122618 201164
http://pathwaycommons.org/pc2/Pathway_8570bce075cbc83c48242f714b37d964,fatty,2194 54995 146861
http://pathwaycommons.org/pc2/Pathway_8579347c298d4a3e2501f942f1495410,sphingomyelin,339221 142891 259230 166929 6609 6610 55512 55627
http://pathwaycommons.org/pc2/Pathway_859db6c6b207d19469db3b0103dea639,ethanol,84532 55902 79611 217 224 847 7306
http://pathwaycommons.org/pc2/Pathway_86b819fa7096f96a424ce8a801000872,dopamine,224 1312 4128 4129 6817 6799 6818 445329
http://pathwaycommons.org/pc2/Pathway_871cd1d6b30ab52622362786a7c08016,formaldehyde,128 2098
http://pathwaycommons.org/pc2/Pathway_882a025b0a0e417bb1eab6a7892ae53a,tetrahydrobiopterin,2643 5805 6697
http://pathwaycommons.org/pc2/Pathway_88c78578095f843be837ccbe472a9e5f,selenocysteine,118672 6301 54938 22929 22928 51091
http://pathwaycommons.org/pc2/Pathway_8a42ce3907649d1b02003af0804012fd,ceramide,56624
http://pathwaycommons.org/pc2/Pathway_8bcc17414d3bc11e78c22d3fb8c06e7e,D-myo-inositol,10423 55361 55300 5297 5298 5305 8396 79837 8394 8395 23396 138429 23236 5330 5331 5332 5333 113026 84812 51196 5335 5336 23007 9651 89869
http://pathwaycommons.org/pc2/Pathway_8cd41c5b73c1eb791dfed94c34130741,mevalonate,30 38 39 3032 3156 3157 3158 3422 91734 4597 4598 10654
http://pathwaycommons.org/pc2/Pathway_8ff5c74996e7efebe26d45bffb718edc,stearate,641371 10965 122970 11332 23205 81616 2180 2181 2182 51703 64834 79071 11001
http://pathwaycommons.org/pc2/Pathway_90fa63e064f07f05b6f6376a136e3361,thiosulfate,7263
http://pathwaycommons.org/pc2/Pathway_9295137527986db5cffcffce015a139a,androgen,8644 1586 3293 3283 3284 6715 6716
http://pathwaycommons.org/pc2/Pathway_94e85be47f4d1be5120ee45e590ccbae,aspartate,2805 137362 2806
http://pathwaycommons.org/pc2/Pathway_9587b1182e5ac97978798ff80f3d01ca,UDP-N-acetyl-D-glucosamine,2673 9945 5238 6675
http://pathwaycommons.org/pc2/Pathway_95f64d2ea711bd97f2872c7b5c2b2a24,coenzyme,80347 60490 79717
http://pathwaycommons.org/pc2/Pathway_960cf9c48c1ae61de8504476dd3df066,D-myo-inositol,3612 3613 54928 3628 3632 3633 22876 27124 51763 3636 4952 8867 8871
http://pathwaycommons.org/pc2/Pathway_969eac45ae803c84ac3066e1c35f31f8,glycolysis,226 229 669 2023 2026 2027 2203 8789 2597 26330 2821 5211 5213 5214 5223 5224 5230 5232 5313 5315 7167 1462
http://pathwaycommons.org/pc2/Pathway_96e59387689a7cbdbe31836a6fbcdb5c,pyruvate,3939 160287 92483 3945 3948
http://pathwaycommons.org/pc2/Pathway_97f49a211f72c17b5648124239d8bd50,adenine,132
http://pathwaycommons.org/pc2/Pathway_97f7756c0f59582c89c5e6e809d61155,cysteine,875 1491
http://pathwaycommons.org/pc2/Pathway_98e219a3e0bf3009d9ab38e0cf2f4850,fatty,23205 81616 2180 2181 2182 51703 23305 11001
http://pathwaycommons.org/pc2/Pathway_99205b22d966a9bcdffc691fae064362,purine,100 113179 4860
http://pathwaycommons.org/pc2/Pathway_9a54f3e190a5c751519aa786d836806a,guanosine,9615 22978 4860 7498
http://pathwaycommons.org/pc2/Pathway_9ab3e1b5ce5d7e2f488e47ee65bd022a,phosphatidylethanolamine,81490
http://pathwaycommons.org/pc2/Pathway_9be5a7eb2416c98a0d193bd9ab8d0079,glutamate,2571 2572
http://pathwaycommons.org/pc2/Pathway_9d1f0a1e3f51659d4679c5ed0715cf89,2-amino-3-carboxymuconate,130013
http://pathwaycommons.org/pc2/Pathway_9d55f6fb96a86047373356973b40882d,fatty,23205 81616 2180 2181 2182 51703 23305 26061 5264 11001
http://pathwaycommons.org/pc2/Pathway_9d6deefad056ecc4580e76411ae87946,cholesterol,1595 1718 1717 10682 2222 51478 3930 4047 6307 50814 6309 6713 7108
http://pathwaycommons.org/pc2/Pathway_a086f99fce95f6df5f6137a74cf4b24a,glutamine,440 2744 27165
http://pathwaycommons.org/pc2/Pathway_a0e728dd10b802e694bdbb32260dadc7,GDP-L-fucose,8790
http://pathwaycommons.org/pc2/Pathway_a1af094bda2c34a9fe78f821ad503712,glycogen,178 5236 55276 5239 5834 5836 5837
http://pathwaycommons.org/pc2/Pathway_a1f637c4ff96c0a08835a218e0434f30,arginine,435 445 2746 2747 4942 5009
http://pathwaycommons.org/pc2/Pathway_a39ec65103a224059bdf7f0e6d53066d,alanine,9054
http://pathwaycommons.org/pc2/Pathway_a3e030f6688439856561fef38a49bb99,GDP-glucose,2645 80201 5236 55276 5239
http://pathwaycommons.org/pc2/Pathway_a484831a3eddaf061b3143c90f879223,superpathway,30 38 39 2224 9453 3032 3156 3157 3158 3422 91734 4597 4598 10654
http://pathwaycommons.org/pc2/Pathway_a51b6c7888f894f8113801ffa623a99a,ethanol,84532 55902 79611 125 217 224
http://pathwaycommons.org/pc2/Pathway_a5b7d10cb9c64581f80aa118ad120a1d,flavin,80308 55312
http://pathwaycommons.org/pc2/Pathway_a606028a6f32684248194bea63179cb9,dTMP,1719 6470 6472 7298
http://pathwaycommons.org/pc2/Pathway_a659dc2f675a340af99d97b2bfef59e2,phosphatidylglycerol,51099 10554 10555 56894 56895 55326 1040 8760 57678 150763 84803 137964 2820 253558 10162 254531 154141 129642 79143 9489
http://pathwaycommons.org/pc2/Pathway_a65f4afa817c9bd1b25afeb13f198c8e,tRNA,83707 116461 80746 79042 283989
http://pathwaycommons.org/pc2/Pathway_a65fd675e04dc062a07863283309c241,thiamin,27010
http://pathwaycommons.org/pc2/Pathway_a7bbe9ff7b401f810c9ad30541e415c2,putrescine,219 217 218 224 221 222 4128 4129 6303 112483
http://pathwaycommons.org/pc2/Pathway_a8c1ae27178e449c259fe321b2de3a0e,Rapoport-Luebering,669 9562 5223 5224
http://pathwaycommons.org/pc2/Pathway_a92fd1b3db18f6b883313660f9574b86,glycerol-3-phosphate,2819 2820
http://pathwaycommons.org/pc2/Pathway_a99c825ea87d838a655100818f7768fd,L-cysteine,1036 2805
http://pathwaycommons.org/pc2/Pathway_acf6b39c5779d5a6bcb64d8c11f24975,putrescine,113451 4953
http://pathwaycommons.org/pc2/Pathway_ad005ad7d8bc428a321e097e5ec8b9ed,1,25-dihydroxyvitamin,1594 120227 5447
http://pathwaycommons.org/pc2/Pathway_adc23420bcb7d3fba85bf218300e652a,glutaryl-CoA,30 38 39 2639 3032
http://pathwaycommons.org/pc2/Pathway_af47c2dda134379ef24da7f6c1a41d3d,tryptophan,125061 23498 8564 8942 6999
http://pathwaycommons.org/pc2/Pathway_af6829607c80ef9d92c241a1d6a1c043,glutamine,2752
http://pathwaycommons.org/pc2/Pathway_b03c44b0256919b587b195b55208f09d,glycogen,178 2548 8972 5236 55276 5239 5834 5836 5837
http://pathwaycommons.org/pc2/Pathway_b1ef3d39ac38689ae7bed0106d0d53cb,cardiolipin,54675 9489
http://pathwaycommons.org/pc2/Pathway_b21932a956d22189b284a05c86531ff3,NAD,51205 5167 5169 64802 23057 349565 54981 27231 115024 4907 83594 92370
http://pathwaycommons.org/pc2/Pathway_b22e01b649e6b217740cc04ade548ba6,4-hydroxybenzoate,6898
http://pathwaycommons.org/pc2/Pathway_b371e4641a4371fe4fd76a171003cd06,NAD,51205 65220 23530 92370
http://pathwaycommons.org/pc2/Pathway_b40d10ab681591416c868eb1dca97916,N-acetylglucosamine,51005 10007 132789
http://pathwaycommons.org/pc2/Pathway_b4fa1d1ab04cc097f015a3510c89a43e,xanthine,4860
http://pathwaycommons.org/pc2/Pathway_b71e5a8c75a212a8e002507718a4d797,gamma-glutamyl,290 55748 54878 2729 2730 79017 2678 728441 2679 124975 2686 2937 26873
http://pathwaycommons.org/pc2/Pathway_b748ee70f34d41021237ce83497ec596,serine,26227 29968 5723
http://pathwaycommons.org/pc2/Pathway_b7b377e69d886a056bf09740ee3b1dea,heme,1371 2235 5498 7389
http://pathwaycommons.org/pc2/Pathway_b8c45fa92214cf19f01f03e7b3081c6b,4-hydroxy-2-nonenal,2938 2940 2941 221357 2950
http://pathwaycommons.org/pc2/Pathway_b9f042ec5ad1ed8f2de051e89e836475,acyl,60496
http://pathwaycommons.org/pc2/Pathway_bbd905ab2f6f5cdac224023bb85fd789,glutamate,18 7915 2571 2572
http://pathwaycommons.org/pc2/Pathway_bc58d7c1e0af5d034d7fe52121fa7da6,superoxide,847 6647 6648 6649 7306
http://pathwaycommons.org/pc2/Pathway_bda275d1aaea47852269f5c0ad07d03c,D-mannose,4351
http://pathwaycommons.org/pc2/Pathway_beaac43a3b04ff8ddd2626904254f52d,acetyl-CoA,47
http://pathwaycommons.org/pc2/Pathway_bf34a04694d7eec88fb5a61d3e4309f7,fatty,1632 10455 1962
http://pathwaycommons.org/pc2/Pathway_c1242d9f78364f4cb746203da3c07c22,S-adenosyl-L-methionine,4143 4144 27430
http://pathwaycommons.org/pc2/Pathway_c19402b6fa6f192a9980c86442c22f35,tyrosine,5053
http://pathwaycommons.org/pc2/Pathway_c294794f5a13656ccf1e04d4f357cb8b,superpathway,10423 9896 3632 3633 3635 27124 51763 3636 9807 51447 117283 253430 64768 3705 3706 3707 80271 9562 64419 8897 4952 55361 55300 5297 5298 5286 5287 5288 5289 5290 5291 5293 5294 5295 5296 8503 30849 23533 146850 200576 5305 8396 79837 90809 55529 8394 8395 23396 138429 23236 5330 5331 5332 5333 113026 84812 51196 5335 5336 23007 9651 89869 9677 23262 5728 22908 8867 8871
http://pathwaycommons.org/pc2/Pathway_c297611adc93fafa85e92d84ae7fa371,zymosterol,1595 51478 3930 6307 50814 7108
http://pathwaycommons.org/pc2/Pathway_c2e67dfbfd53d851f926064b3e1ff678,NAD,10135 64802 23057 349565
http://pathwaycommons.org/pc2/Pathway_c36548b19ec4962053ddf701866bb187,L-glutamine,5188 55278
http://pathwaycommons.org/pc2/Pathway_c5ff8136ddd169a77d3d97931bb536ee,1D-myo-inositol,253430 64768 3705
http://pathwaycommons.org/pc2/Pathway_c60f9c536cfc9f777bf76baa50f4c643,citrulline-nitric,435 445 4842 4843 4846
http://pathwaycommons.org/pc2/Pathway_ca278caf3b31907f38aee8b7de572b06,proline,5832 5831 29920 65263
http://pathwaycommons.org/pc2/Pathway_cae1fe7c8ddf73a2029085c5df93f5a3,salvage,57379 978 7083 7084 1890
http://pathwaycommons.org/pc2/Pathway_cba1906515789d09d23dafc7d503d20e,triacylglycerol,26090 57406 1056 3990 3991 8513 9388 11343 5406 5408 119548 57104 80339 8228
http://pathwaycommons.org/pc2/Pathway_cceaf981940b905978ee42ec5f87cb9f,tetrahydrobiopterin,2643 5805 6697
http://pathwaycommons.org/pc2/Pathway_cdf7d5f69acaae776618324162e657e5,tRNA,16 57505 833 79587 1615 55157 124454 2058 10667 2193 10056 2617 3035 23438 3376 55699 3735 51520 23395 4141 92935 4677 79731 25973 5859 5917 57038 6301 54938 6897 80222 123283 7407 57176 7453 10352 8565 51067
http://pathwaycommons.org/pc2/Pathway_d179cd6dd2f425dc21955e490a9aaa0b,galactose,2582 2584 130589 2592
http://pathwaycommons.org/pc2/Pathway_d3d99e58336fd556e175ada47decc82e,phosphatidylcholine,10390 1119 1120 56994 5130 9468
http://pathwaycommons.org/pc2/Pathway_d4848a04f9762d4557e6e1bd754f3cf0,serotonin,125 130 217 224 4128 4129 6817 6799 6818 445329 7365 10720
http://pathwaycommons.org/pc2/Pathway_d4b26a7b0ae788ccffafcd1c0f12db4b,D-myo-inositol,253430 3705
http://pathwaycommons.org/pc2/Pathway_d4e5c71d5ebbe4418b1b044be52d86b3,geranylgeranyldiphosphate,9453
http://pathwaycommons.org/pc2/Pathway_d5f77ee2ca8b9144cee2119a8a00ee6d,asparagine,374569 80150
http://pathwaycommons.org/pc2/Pathway_d665b5fcafda9dd1279dd60f5d85ccce,catecholamine,1621 1644 5409
http://pathwaycommons.org/pc2/Pathway_d6781448892a0234ab46317d0a04cb19,inositol,9807 51447 117283 253430 64768 9677 23262
http://pathwaycommons.org/pc2/Pathway_d68fc4b05c034d0dab0505b400791eac,3-phosphoinositide,10423 9896 55361 55300 5297 5298 5286 5287 5288 5289 5290 5291 5293 5294 5295 5296 8503 30849 23533 146850 200576 8396 8394 8395 23396 138429 22908
http://pathwaycommons.org/pc2/Pathway_d71bcd08ebbb09d51b2b4164d8c665ab,glycine,6470 6472
http://pathwaycommons.org/pc2/Pathway_d731387a2c7b43b795f1833d2ef9aa51,adenosine,100 113179 84618 22978 51251 4907 4860 7498
http://pathwaycommons.org/pc2/Pathway_d73872be1aa198d894fed8eda9d018a7,sulfite,6821
http://pathwaycommons.org/pc2/Pathway_d76efe741d50d745bd8a5ae6b69b711f,fatty,30 10449 23205 81616 2180 2181 2182 51703 23305 1892 1632 10455 1962 3033 3030 3032 3028 11001
http://pathwaycommons.org/pc2/Pathway_d8aa364f7074bde7fa041d01e629ad04,GDP-mannose,29926 29925 2821 4351 5372 5373
http://pathwaycommons.org/pc2/Pathway_da6c46864a9d9d0eedf19cb116ad12ed,phospholipases,100137047 729330 8399 81579 5319 5320 26279 30814 64600 50487 5321 100137049 8605 283748 123745 255189 5322 8398 151056 23236 5330 5331 5332 5333 113026 84812 51196 5335 5336 23007 9651 89869 5337 5338 23646 122618 201164 50640
http://pathwaycommons.org/pc2/Pathway_dcaf55f4ee8820b667a95b393897997f,methylmalonyl,84693 5095 5096
http://pathwaycommons.org/pc2/Pathway_dddb9714c6f98f83c92c7b1a9d78586d,myo-inositol,3612 3613 54928 51477
http://pathwaycommons.org/pc2/Pathway_deb0c870cd31adb8d3532e1a2f60cdb5,5-aminoimidazole,2618 5198 5471
http://pathwaycommons.org/pc2/Pathway_e0f3900c03815f4ec4a92a6788f41638,glycerol,2710 2712 2713 256356
http://pathwaycommons.org/pc2/Pathway_e178a96dd8abe38811c1002e295b740a,4-hydroxyproline,8659
http://pathwaycommons.org/pc2/Pathway_e20410db1d85f6194934ec1ed48f91d1,sphingosine,125981 340485 427 56624 22949 81537 130367 8877 56848
http://pathwaycommons.org/pc2/Pathway_e270d1d736ed61ec3abe7dc4b4a6976a,pentose,2539 9563 5226 25796
http://pathwaycommons.org/pc2/Pathway_e2cfa8af5edb94e1f166374f0d3dab41,L-dopachrome,7299
http://pathwaycommons.org/pc2/Pathway_e34303959f429a16a7c39a6283fea93e,pyrimidine,790 124583 51727 129607 1503 56474 4830 4831 283458 4832 4833 8382 10201 29922 7372
http://pathwaycommons.org/pc2/Pathway_e36cf95a99ff39aafda6bfe4f52bb957,glutamate,2805 137362 2806
http://pathwaycommons.org/pc2/Pathway_e57ed8c73d73051e7028dd6a945626d9,eumelanin,1638 7220 7299 7306
http://pathwaycommons.org/pc2/Pathway_e75d87bf7fc520cec03eeb0300f1e577,histamine,26 314 3176
http://pathwaycommons.org/pc2/Pathway_e7925e11dc79d08e4747a85471b09925,methylglyoxal,2739 3029 197257
http://pathwaycommons.org/pc2/Pathway_e9acb83c44330746e106a8a9388b1351,NAD,125061 23498 8564 8942 55191 64802 23057 349565 23475 6999
http://pathwaycommons.org/pc2/Pathway_eaa4e28832c0bd803cf2f072d1bf4957,histidine,144193 10841 3034 4522 10797 441024 131669
http://pathwaycommons.org/pc2/Pathway_ebca664d515258c99298278e4f34a54e,cholesterol,1595 1718 1717 10682 2222 51478 3930 4047 6307 50814 6309 6713 7108
http://pathwaycommons.org/pc2/Pathway_ed22e04963d45fa86387207644a4d728,beta-alanine,18 4329
http://pathwaycommons.org/pc2/Pathway_ed3886eed183b26206a4892f5c60978c,oxidative,84532 55902 79611 217 224 1571 22952
http://pathwaycommons.org/pc2/Pathway_f0a4c7927730973d5ec31044349bfc61,2-oxobutanoate,593 594 1629 1738 84693 5095 5096
http://pathwaycommons.org/pc2/Pathway_f2ed0f225fd91dbc89c0e283f69feafe,L-cysteine,1491
http://pathwaycommons.org/pc2/Pathway_f39ce3d47ac8ad611908a35e85196cac,acyl-CoA,11332 10005 23597
http://pathwaycommons.org/pc2/Pathway_f3b0529c33e82b6d32c451a6a8c616d4,aspartate,2805 137362 2806 4190 4191
http://pathwaycommons.org/pc2/Pathway_f3c6f865413959a704a6a684e51538a1,mitochondrial,1374 126129 1376
http://pathwaycommons.org/pc2/Pathway_f6a38b1d59be7454ce91ceee7e5d448e,molybdenum,10243 4338 27304 9054
http://pathwaycommons.org/pc2/Pathway_f6dcecebd4e757eda22e1dc9ba2f67f7,lactose,2720 112937
http://pathwaycommons.org/pc2/Pathway_f8851fd6910c9bb087f770f4589168db,GDP-L-fucose,2762 7264
http://pathwaycommons.org/pc2/Pathway_fa4e58caa26b66371a79878fea1cf750,proline,4942 5009 5831 29920 65263
http://pathwaycommons.org/pc2/Pathway_fa825cff443d676226c464d7cf445499,UDP-N-acetyl-D-galactosamine,2582
http://pathwaycommons.org/pc2/Pathway_fb18546442a0bb556a7719bc2bac58af,UDP-N-acetyl-D-galactosamine,2582 2645 10007 132789 2821 80201 5238 6675
http://pathwaycommons.org/pc2/Pathway_fea38ec3e194fb3b2841cd21d1634ce1,acetate,84532 55902 79611